cluster,competitorname,winpercent,sugarpercent,pricepercent,chocolate,fruity,caramel,peanutyalmondy,nougat,crispedricewafer,hard,bar,pluribus
0,Twix,81.642914,0.546,0.90600002,1,0,1,0,0,1,0,1,0
0,Snickers,76.673782,0.546,0.65100002,1,0,1,1,1,0,0,1,0
0,Milky Way,73.099556,0.60399997,0.65100002,1,0,1,0,1,0,0,1,0
0,3 Musketeers,67.602936,0.60399997,0.51099998,1,0,0,0,1,0,0,1,0
0,100 Grand,66.971725,0.73199999,0.86000001,1,0,1,0,0,1,0,1,0
0,Milky Way Simply Caramel,64.35334,0.96499997,0.86000001,1,0,1,0,0,0,0,1,0
0,Milky Way Midnight,60.800701,0.73199999,0.44100001,1,0,1,0,1,0,0,1,0
0,Snickers Crisper,59.529251,0.60399997,0.65100002,1,0,1,1,0,1,0,1,0
0,Baby Ruth,56.914547,0.60399997,0.76700002,1,0,1,1,1,0,0,1,0
0,Payday,46.296597,0.465,0.76700002,0,0,0,1,1,0,0,1,0
0,Charleston Chew,38.975037,0.60399997,0.51099998,1,0,0,0,1,0,0,1,0
1,Starburst,67.037628,0.15099999,0.22,0,1,0,0,0,0,0,0,1
1,Sour Patch Kids,59.863998,0.068999998,0.116,0,1,0,0,0,0,0,0,1
1,Haribo Gold Bears,57.11974,0.465,0.465,0,1,0,0,0,0,0,0,1
1,Swedish Fish,54.861111,0.60399997,0.755,0,1,0,0,0,0,0,0,1
1,Lifesavers big ring gummies,52.911392,0.26699999,0.27900001,0,1,0,0,0,0,0,0,0
1,Sour Patch Tricksters,52.825947,0.068999998,0.116,0,1,0,0,0,0,0,0,1
1,Haribo Sour Bears,51.41243,0.465,0.465,0,1,0,0,0,0,0,0,1
1,Trolli Sour Bites,47.173229,0.31299999,0.255,0,1,0,0,0,0,0,0,1
1,Twizzlers,45.466282,0.22,0.116,0,1,0,0,0,0,0,0,0
1,Welch's Fruit Snacks,44.375519,0.31299999,0.31299999,0,1,0,0,0,0,0,0,1
1,Fruit Chews,43.088924,0.127,0.034000002,0,1,0,0,0,0,0,0,1
1,Dots,42.272076,0.73199999,0.51099998,0,1,0,0,0,0,0,0,1
1,Haribo Twin Snakes,42.178772,0.465,0.465,0,1,0,0,0,0,0,0,1
1,Laffy Taffy,41.389557,0.22,0.116,0,1,0,0,0,0,0,0,0
1,Now & Later,39.4468,0.22,0.32499999,0,1,0,0,0,0,0,0,1
1,Candy Corn,38.010963,0.90600002,0.32499999,0,0,0,0,0,0,0,0,1
1,Pixie Sticks,37.722336,0.093000002,0.023,0,0,0,0,0,0,0,0,1
1,Red vines,37.348522,0.58099997,0.116,0,1,0,0,0,0,0,0,1
1,Chewey Lemonhead Fruit Mix,36.017628,0.73199999,0.51099998,0,1,0,0,0,0,0,0,1
1,Haribo Happy Cola,34.158958,0.465,0.465,0,0,0,0,0,0,0,0,1
1,One dime,32.261086,0.011,0.116,0,0,0,0,0,0,0,0,0
1,Super Bubble,27.303865,0.162,0.116,0,1,0,0,0,0,0,0,0
1,Chiclets,24.524988,0.046,0.32499999,0,1,0,0,0,0,0,0,1
1,Nik L Nip,22.445341,0.197,0.97600001,0,1,0,0,0,0,0,0,1
2,Reese's Miniatures,81.866257,0.034000002,0.27900001,1,0,0,1,0,0,0,0,0
2,Reese's pieces,73.43499,0.40599999,0.65100002,1,0,0,1,0,0,0,0,1
2,Peanut butter M&M's,71.46505,0.82499999,0.65100002,1,0,0,1,0,0,0,0,1
2,Peanut M&Ms,69.483788,0.59299999,0.65100002,1,0,0,1,0,0,0,0,1
2,M&M's,66.574585,0.82499999,0.65100002,1,0,0,0,0,0,0,0,1
2,Junior Mints,57.21925,0.197,0.51099998,1,0,0,0,0,0,0,0,1
2,Hershey's Kisses,55.375454,0.127,0.093000002,1,0,0,0,0,0,0,0,1
2,Milk Duds,55.064072,0.30199999,0.51099998,1,0,1,0,0,0,0,0,1
2,One quarter,46.116505,0.011,0.51099998,0,0,0,0,0,0,0,0,0
2,Tootsie Roll Midgies,45.736748,0.17399999,0.011,1,0,0,0,0,0,0,0,1
2,Tootsie Roll Juniors,43.068897,0.31299999,0.51099998,1,0,0,0,0,0,0,0,0
2,Nestle Smarties,37.887188,0.26699999,0.97600001,1,0,0,0,0,0,0,0,1
2,Sixlets,34.722,0.22,0.081,1,0,0,0,0,0,0,0,1
2,Boston Baked Beans,23.417824,0.31299999,0.51099998,0,0,0,1,0,0,0,0,1
3,Skittles original,63.08514,0.94099998,0.22,0,1,0,0,0,0,0,0,1
3,Nerds,55.354046,0.84799999,0.32499999,0,1,0,0,0,0,1,0,1
3,Skittles wildberry,55.103695,0.94099998,0.22,0,1,0,0,0,0,0,0,1
3,Gobstopper,46.783348,0.90600002,0.45300001,0,1,0,0,0,0,1,0,1
3,Mike & Ike,46.411716,0.87199998,0.32499999,0,1,0,0,0,0,0,0,1
3,Smarties candy,45.995827,0.26699999,0.116,0,1,0,0,0,0,1,0,1
3,Runts,42.849144,0.87199998,0.27900001,0,1,0,0,0,0,1,0,1
3,Pop Rocks,41.265511,0.60399997,0.83700001,0,1,0,0,0,0,1,0,1
3,Dum Dums,39.460556,0.73199999,0.034000002,0,1,0,0,0,0,1,0,0
3,Fun Dip,39.185505,0.73199999,0.32499999,0,1,0,0,0,0,1,0,0
3,Lemonhead,39.141056,0.046,0.104,0,1,0,0,0,0,1,0,0
3,Warheads,39.011898,0.093000002,0.116,0,1,0,0,0,0,1,0,0
3,Strawberry bon bons,34.578991,0.56900001,0.057999998,0,1,0,0,0,0,1,0,1
3,Root Beer Barrels,29.703691,0.73199999,0.068999998,0,0,0,0,0,0,1,0,1
3,Jawbusters,28.127439,0.093000002,0.51099998,0,1,0,0,0,0,1,0,1
4,Air Heads,52.341465,0.90600002,0.51099998,0,1,0,0,0,0,0,0,0
4,Tootsie Pop,48.982651,0.60399997,0.32499999,1,1,0,0,0,0,1,0,0
4,Werther's Original Caramel,41.904308,0.186,0.26699999,0,0,1,0,0,0,1,0,0
4,Ring pop,35.290756,0.73199999,0.96499997,0,1,0,0,0,0,1,0,0
4,Caramel Apple Pops,34.517681,0.60399997,0.32499999,0,1,1,0,0,0,0,0,0
4,Sugar Babies,33.43755,0.96499997,0.76700002,0,0,1,0,0,0,0,0,1
4,Sugar Daddy,32.230995,0.41800001,0.32499999,0,0,1,0,0,0,0,0,0
5,Reese's Peanut Butter cup,84.18029,0.72000003,0.65100002,1,0,0,1,0,0,0,0,0
5,Kit Kat,76.7686,0.31299999,0.51099998,1,0,0,0,0,1,0,1,0
5,Reese's stuffed with pieces,72.887901,0.98799998,0.65100002,1,0,0,1,0,0,0,0,0
5,Nestle Butterfinger,70.735641,0.60399997,0.76700002,1,0,0,1,0,0,0,1,0
5,Nestle Crunch,66.47068,0.31299999,0.76700002,1,0,0,0,0,1,0,1,0
5,Rolo,65.716286,0.86000001,0.86000001,1,0,1,0,0,0,0,0,1
5,Hershey's Krackel,62.284481,0.43000001,0.91799998,1,0,0,0,0,1,0,1,0
5,Hershey's Special Dark,59.236122,0.43000001,0.91799998,1,0,0,0,0,0,0,1,0
5,Hershey's Milk Chocolate,56.490501,0.43000001,0.91799998,1,0,0,0,0,0,0,1,0
5,Mr Good Bar,54.526451,0.31299999,0.91799998,1,0,0,1,0,0,0,1,0
5,Almond Joy,50.347546,0.465,0.76700002,1,0,0,1,0,0,0,1,0
5,Tootsie Roll Snack Bars,49.653503,0.465,0.32499999,1,0,0,0,0,0,0,1,0
5,Whoppers,49.524113,0.87199998,0.84799999,1,0,0,0,0,1,0,0,1
5,Mounds,47.829754,0.31299999,0.86000001,1,0,0,0,0,0,0,1,0
