osm_type,osm_id,name,brand,operator,shop,addr:street,addr:housenumber,opening_hours,website,phone,longitude,latitude,store_label,store_index,store_x_m,store_y_m,area_km2,rival_stores,population,male_population,female_population,population_under_15,population_15_64,population_65_plus,employed_population,born_in_country,born_other_eu,born_outside_eu,same_residence,moved_within_country,moved_from_abroad,census_grid_cells,catchment_area_km2,grid_coverage_ratio,population_density_km2,female_share,under_15_share,working_age_share,age_65_plus_share,employment_proxy_rate,foreign_born_share,recent_mover_share,population_per_rival,demographic_year,demographic_method,road_intersections_500m,distance_major_road_m,bus_stops_800m,distance_metro_m,rivals_per_10k,distance_competition_pressure,rivals_within_5km,population_score,population_density_score,working_age_score,employment_score,road_intersections_score,major_road_access_score,bus_access_score,metro_access_score,rivals_per_10k_score,distance_competition_score,demand_score,accessibility_score,competition_score,location_potential_score,location_rank,score_method
node,10167239472,Lidl,Lidl,,supermarket,Μεσσήνης,20,"Mo-Sa 07:45-21:00; Su,PH off",https://www.lidl-hellas.gr/,,22.9545358,40.6591612,Lidl — Μεσσήνης 20,312,411472.55102536594,4501161.08174484,9.204041103397056,14,52993,25278,27710,7340,35470,10190,20360,46884,1767,4346,51116,1362,153,17,9.20949781147891,0.9999999999999458,5754.1682602875935,0.5228992508444511,0.13850885966070992,0.6693336855811145,0.19228954767610817,0.5740062024245841,0.1153548581888174,0.028588681523974865,3785.214285714286,2021,1km census grid; area-weighted,257,15.7784874530593,50,2637.7427569315228,2.6418583586511426,50.62355839738208,178,0.7058823529411765,0.5882352941176471,0.6470588235294118,0.35294117647058826,0.8235294117647058,0.8235294117647058,0.8823529411764706,0.47058823529411764,0.7058823529411764,0.3529411764705882,0.573529411764706,0.75,0.5294117647058822,61.76470588235294,1,equal components; equal indicators; percentile ranks
node,12998968900,Lidl,Lidl,,supermarket,,,,,,22.9110892,40.6614875,Lidl — OSM 12998968900,347,407802.94205676665,4501463.892419069,1.7478757477574998,5,25114,12009,13106,3709,16949,4460,9316,20750,968,3404,24236,607,61,6,1.7488713714906208,0.99999999999999,14360.118422313992,0.5218603169546866,0.14768654933503225,0.674882535637493,0.17759018873934856,0.5496489468405216,0.17408616707812374,0.02659870988293382,5022.8,2021,1km census grid; area-weighted,270,16.44617269953643,26,2452.872570235214,1.9909213984231904,43.88205886589067,147,0.4117647058823529,0.7647058823529411,0.7058823529411765,0.17647058823529413,0.8823529411764706,0.7647058823529411,0.3235294117647059,0.5294117647058824,0.9411764705882353,0.47058823529411764,0.5147058823529411,0.625,0.7058823529411764,61.519607843137244,2,equal components; equal indicators; percentile ranks
way,959058631,Lidl,Lidl,,supermarket,Ιατρού Γωγούση,357,"Mo-Fr 08:00-21:00, Sa 08:00-20:00",,,22.929089993730173,40.66254495,Lidl — Ιατρού Γωγούση 357,445,409326.03709103505,4501562.587443101,3.6290110682500023,18,64351,30485,33863,8080,42359,13911,23114,52407,2502,9442,61820,1805,266,10,3.6311313521935347,0.9999999999998972,17722.02483425066,0.526223368712219,0.12556137433761713,0.6582492890553371,0.21617379683299404,0.5456691612172148,0.1856070612733291,0.03218287206104023,3575.0555555555557,2021,1km census grid; area-weighted,256,31.942045811752322,41,2063.5371762980967,2.797159329303352,51.42384326427056,155,0.8235294117647058,0.9411764705882353,0.47058823529411764,0.11764705882352941,0.7647058823529411,0.5882352941176471,0.7058823529411765,0.7647058823529411,0.5882352941176471,0.23529411764705888,0.5882352941176471,0.7058823529411765,0.411764705882353,56.86274509803923,3,equal components; equal indicators; percentile ranks
way,176995416,Lidl,Lidl,,supermarket,,,,,,22.91843174301061,40.6669119,Lidl — OSM 176995416,389,408431.0384278597,4502058.376904351,2.2903294581293565,14,38064,18442,19622,6394,26638,5036,15764,33540,1767,2751,36677,933,94,8,2.2916625995938333,1.0,16609.774932289918,0.5155002101723413,0.16798024379991594,0.6998213535098781,0.1323034888608659,0.5917861701328928,0.11869482976040353,0.02698087431693989,2718.8571428571427,2021,1km census grid; area-weighted,398,21.14992891467682,24,2693.3478537240953,3.6780159730979403,47.90807518468208,148,0.5294117647058824,0.8823529411764706,1.0,0.5294117647058824,1.0,0.7058823529411764,0.20588235294117646,0.4117647058823529,0.3529411764705882,0.4117647058823529,0.7352941176470588,0.5808823529411764,0.38235294117647056,56.617647058823515,4,equal components; equal indicators; percentile ranks
way,178620955,Lidl,Lidl,,supermarket,Λαγκαδά,345,Mo-Fr 08:00-21:00; Sa 08:00-20:00,https://www.lidl-hellas.gr/,,22.93801298064977,40.675736400000005,Lidl — Λαγκαδά 345,391,410098.0027727572,4503017.7794593405,19.38349991339061,14,51375,25057,26318,8652,34725,8010,19223,41908,1934,7534,49504,1313,128,35,19.394778923288474,1.0,2648.9087709224136,0.512272506082725,0.1684087591240876,0.6759124087591241,0.1559124087591241,0.5535781137508999,0.1842919708029197,0.028048661800486617,3669.6428571428573,2021,1km census grid; area-weighted,276,63.40699580154254,35,3613.6481484847045,2.7250608272506085,41.69017172327416,145,0.6470588235294118,0.35294117647058826,0.7647058823529411,0.23529411764705882,0.9411764705882353,0.47058823529411764,0.5588235294117647,0.2941176470588235,0.6470588235294117,0.5294117647058824,0.5,0.5661764705882353,0.588235294117647,55.147058823529406,5,equal components; equal indicators; percentile ranks
node,7610895522,Lidl,Lidl,,supermarket,,,Mo-Fr 08:00-21:00; Sa 08:00-20:00,,,22.9493293,40.640889,Lidl — OSM 7610895522,251,411008.18257784995,4499137.996962778,9.884267111427551,68,122186,56891,65290,11615,83542,27030,43883,102886,4221,15071,114347,6187,933,19,9.89014724619766,0.9999999999999599,12354.315558544926,0.5343492707838868,0.09505999050627731,0.6837280866875092,0.22122010704990752,0.5252806971343755,0.1578904293454242,0.05827181510156646,1796.8529411764705,2021,1km census grid; area-weighted,226,7.825818517394815,81,727.7263213310401,5.565285711947358,77.40663363234731,246,0.9411764705882353,0.7058823529411765,0.8823529411764706,0.058823529411764705,0.6470588235294118,1.0,1.0,0.9411764705882353,0.11764705882352944,0.05882352941176472,0.6470588235294117,0.8970588235294117,0.08823529411764708,54.41176470588235,6,equal components; equal indicators; percentile ranks
way,176325514,Lidl,Lidl,,supermarket,,,"Mo-Sa 07:45-21:00; Su,PH off",,,22.899577472529916,40.67699715,Lidl — OSM 176325514,387,406851.3685037727,4503197.687672481,8.959694032232136,15,43138,20909,22220,7400,29616,6113,16782,34886,1687,6561,41700,961,85,24,8.964773618454108,0.9999999999999883,4811.945268891101,0.5150911029718578,0.1715424915387825,0.6865408688395382,0.14170800686169965,0.5666531604538088,0.19120033381241597,0.024247762993184662,2875.866666666667,2021,1km census grid; area-weighted,173,66.92355023225694,29,4419.862157998629,3.4772126663266727,27.223912933035763,89,0.5882352941176471,0.5294117647058824,0.9411764705882353,0.29411764705882354,0.5294117647058824,0.4117647058823529,0.4411764705882353,0.17647058823529416,0.5294117647058824,0.7647058823529411,0.588235294117647,0.3897058823529412,0.6470588235294117,54.166666666666664,7,equal components; equal indicators; percentile ranks
node,3738891346,Lidl,Lidl,,supermarket,Βρυούλων,33,,,,22.9614807,40.5732915,Lidl — Βρυούλων 33,112,411947.1650326015,4491622.099826413,2.737939783838438,14,33217,15778,17440,4795,21306,7116,13244,30638,997,1583,31934,892,142,8,2.739580182837141,0.9999999999999706,12124.850445370097,0.5250323629466839,0.14435379474365537,0.6414185507420899,0.21422765451425474,0.6216089364498263,0.07767107204142457,0.031128638949935273,2372.6428571428573,2021,1km census grid; area-weighted,164,15.142010437760817,42,2303.6245793708717,4.214709335581178,40.967318371770176,144,0.47058823529411764,0.6470588235294118,0.11764705882352941,0.7058823529411765,0.47058823529411764,0.8823529411764706,0.7647058823529411,0.6470588235294117,0.23529411764705888,0.5882352941176471,0.4852941176470589,0.6911764705882353,0.411764705882353,52.94117647058824,8,equal components; equal indicators; percentile ranks
way,305252827,Lidl,Lidl,,supermarket,Πόντου,,"Mo-Sa 07:45-21:00; Su,PH off",,,22.96832258139478,40.567027499999995,Lidl — Πόντου,403,412518.1480605848,4490919.960498963,4.454125496534963,2,8406,4057,4351,1396,5551,1457,3470,7689,227,494,8099,207,34,11,4.4568226729015645,0.9999999999999756,1886.097028519954,0.5176064715679277,0.16607185343802047,0.6603616464430169,0.17332857482750416,0.625112592325707,0.08577206757078278,0.028669997620747085,4203.0,2021,1km census grid; area-weighted,76,68.69075105291085,35,2913.1647378490748,2.3792529145848205,30.445739620855232,121,0.11764705882352941,0.29411764705882354,0.5294117647058824,0.7647058823529411,0.23529411764705882,0.3529411764705882,0.5588235294117647,0.3529411764705882,0.8235294117647058,0.7058823529411764,0.4264705882352941,0.375,0.7647058823529411,52.20588235294118,9,equal components; equal indicators; percentile ranks
node,4439733261,Lidl,Lidl,,supermarket,,,,,,22.9610072,40.5886118,Lidl — OSM 4439733261,152,411927.1485152556,4493323.202765715,4.107557661559229,30,65646,30327,35315,8265,41127,16253,25721,60409,1824,3413,63089,1819,264,8,4.109964481476138,1.0,15972.400806836788,0.5379611857538921,0.12590256832099442,0.626496663924687,0.24758553453371113,0.6254042356602718,0.07977637632148189,0.03173079852542424,2188.2,2021,1km census grid; area-weighted,176,24.293150502017813,49,714.2148127181191,4.569966182250251,60.43754412061391,173,0.8823529411764706,0.8235294117647058,0.058823529411764705,0.8235294117647058,0.5882352941176471,0.6470588235294117,0.8235294117647058,1.0,0.17647058823529416,0.11764705882352944,0.6470588235294117,0.7647058823529411,0.1470588235294118,51.96078431372548,10,equal components; equal indicators; percentile ranks
node,1873227464,Lidl,Lidl,,supermarket,Αλεξάνδρου Παπαναστασίου,102,"Mo-Fr 07:00-21:00, Sa 07:00-20:00",https://www.lidl-hellas.gr/,,22.9672236,40.606658,Lidl — Αλεξάνδρου Παπαναστασίου 102,49,412476.71031602717,4495320.238263211,6.959217121971917,89,151933,69618,82312,15772,99308,36852,57625,134614,4652,12673,145125,5254,558,13,6.963336071090065,1.0,21818.9957297603,0.5417651201516458,0.10380891577208375,0.6536302185831913,0.242554283796147,0.5802654368228138,0.11403052661370472,0.038253703935287264,1707.112359550562,2021,1km census grid; area-weighted,227,7.88809457799297,53,795.0153622073449,5.857845234412537,80.72574143244344,217,1.0,1.0,0.29411764705882354,0.4117647058823529,0.7058823529411765,0.9411764705882353,0.9411764705882353,0.8235294117647058,0.05882352941176472,0.0,0.676470588235294,0.8529411764705881,0.02941176470588236,51.96078431372548,10,equal components; equal indicators; percentile ranks
way,162381764,Lidl,Lidl,,supermarket,,,,,,22.9724256,40.5870946,Lidl — OSM 162381764,381,412891.46535275626,4493143.447352674,6.261068600846128,4,19313,9239,10079,3143,12658,3516,8204,17988,596,728,18596,495,58,13,6.264862686095224,0.9999999999999452,3082.749130777429,0.5218764562729767,0.16274012323305545,0.6554134520789106,0.1820535390669497,0.6481276662979933,0.0685548594211153,0.028633562885103298,4828.25,2021,1km census grid; area-weighted,65,69.99084862258012,26,748.7566178378719,2.071143789157562,51.225141272968145,163,0.23529411764705882,0.47058823529411764,0.35294117647058826,0.9411764705882353,0.17647058823529413,0.2941176470588235,0.3235294117647059,0.8823529411764706,0.8823529411764706,0.2941176470588235,0.5,0.41911764705882354,0.588235294117647,50.245098039215684,12,equal components; equal indicators; percentile ranks
node,2107812924,Lidl,Lidl,,supermarket,Μοναστηρίου,232,"Mo-Sa 07:45-21:00; Su,PH off",https://www.lidl-hellas.gr/,,22.9069972,40.6552552,Lidl — Μοναστηρίου 232,74,407448.43237384874,4500776.356818656,8.30229177910514,6,23663,11414,12243,3357,15733,4564,7998,17954,848,4858,22769,584,100,18,8.307092230540826,1.0,2848.5298276818867,0.5173900181718294,0.14186704982462073,0.6648776571018045,0.19287495245742298,0.5083582279285578,0.24113595064024004,0.02890588682753666,3943.8333333333335,2021,1km census grid; area-weighted,124,77.20143197590589,37,2226.178552888884,2.535604107678654,40.28279682812385,147,0.29411764705882354,0.4117647058823529,0.5882352941176471,0.0,0.4117647058823529,0.11764705882352944,0.6470588235294118,0.7058823529411764,0.7647058823529411,0.6470588235294117,0.32352941176470584,0.47058823529411764,0.7058823529411764,50.0,13,equal components; equal indicators; percentile ranks
way,185452401,Lidl,Lidl,,supermarket,Παπανικολάου,141,Mo-Sa 07:45-21:00,https://www.lidl-hellas.gr/,,22.996801041689963,40.65317175,Lidl — Παπανικολάου 141,393,415037.89822057367,4500454.593710999,60.829580977246984,9,24917,12124,12817,4267,16876,3765,10090,23112,748,1048,23813,845,57,90,60.865609146186216,1.0,409.3773207815053,0.5143877673877273,0.1712485451699643,0.6772885981458442,0.15110165750290966,0.5978904953780517,0.07207930328691255,0.036200184612914875,2768.5555555555557,2021,1km census grid; area-weighted,88,63.254619179033114,29,4276.723137915444,3.6119918128185575,20.579313572928648,100,0.35294117647058826,0.11764705882352941,0.8235294117647058,0.5882352941176471,0.29411764705882354,0.5294117647058824,0.4411764705882353,0.23529411764705888,0.4117647058823529,0.8235294117647058,0.47058823529411764,0.375,0.6176470588235294,48.774509803921575,14,equal components; equal indicators; percentile ranks
way,600616981,Lidl,Lidl,,supermarket,,,"Mo-Sa 07:45-21:00; Su,PH off",,,23.022094457687153,40.561536399999994,Lidl — OSM 600616981,415,417063.2844104762,4490258.507634594,2.1845114846807734,0,2189,1073,1115,393,1436,357,942,2027,79,91,2082,71,19,9,2.1858447119474866,1.0,1001.4435097037164,0.509365006852444,0.1795340338053906,0.6560073092736409,0.16308816811329374,0.6559888579387186,0.07766103243490179,0.04111466423024212,,2021,1km census grid; area-weighted,17,76.76234987290353,0,5719.632718803186,0.0,2.350037486410016,11,0.058823529411764705,0.17647058823529413,0.4117647058823529,1.0,0.029411764705882353,0.17647058823529416,0.029411764705882353,0.05882352941176472,1.0,0.9411764705882353,0.4117647058823529,0.0735294117647059,0.9705882352941176,48.529411764705884,15,equal components; equal indicators; percentile ranks
way,294177237,Lidl,Lidl,,supermarket,,,,,,22.989394350000005,40.6081076,Lidl — OSM 294177237,399,414354.25185248104,4495459.380979412,28.61429677611417,19,53460,25413,28052,7981,34366,11125,21568,49456,1758,2230,51296,1490,209,44,28.63218487316412,0.9999999999999888,1867.1296038642886,0.5247287691732136,0.14928918817807707,0.6428357650579872,0.2080995136550692,0.6275970435895943,0.07459783015338571,0.03178077066965956,2813.684210526316,2021,1km census grid; area-weighted,101,175.52695430482947,24,2394.724070566537,3.554059109614665,55.012386074925494,196,0.7647058823529411,0.23529411764705882,0.17647058823529413,0.8823529411764706,0.35294117647058826,0.0,0.20588235294117646,0.5882352941176471,0.47058823529411764,0.17647058823529416,0.5147058823529411,0.2867647058823529,0.3235294117647059,37.5,16,equal components; equal indicators; percentile ranks
way,1065721756,Lidl,Lidl,,supermarket,Πανοράματος,,"Mo-Fr 08:00-21:00, Sa 08:00-20:00",https://www.lidl-hellas.gr,,23.022169815424434,40.561566400000004,Lidl — Πανοράματος,454,417069.70107241435,4490261.766959084,62.31671572505332,7,18785,9051,9734,2933,12252,3618,7467,17335,581,880,17904,616,121,94,62.35876449012335,0.9999999999999993,301.2407342190888,0.5181793984562151,0.15613521426670215,0.6522225179664626,0.1926004791056694,0.6094515181194907,0.07777482033537397,0.03923343092893266,2683.5714285714284,2021,1km census grid; area-weighted,17,72.67993440754009,0,5722.6102065316445,3.726377428799574,2.3499945271887888,11,0.17647058823529413,0.058823529411764705,0.23529411764705882,0.6470588235294118,0.029411764705882353,0.23529411764705888,0.029411764705882353,0.0,0.2941176470588235,1.0,0.27941176470588236,0.0735294117647059,0.6470588235294117,33.33333333333333,17,equal components; equal indicators; percentile ranks
way,764581826,Lidl,Lidl,,supermarket,Λεωφόρος Γεωργικής Σχολής,88,Mo-Sa 08:00-21:30,,,22.982910745074136,40.546007599999996,Lidl — Λεωφόρος Γεωργικής Σχολής 88,429,413726.1353781217,4488572.298523759,3.0070914449732165,1,169,81,91,12,98,54,57,158,4,10,151,18,0,8,3.008923279988045,0.9999999999999932,56.1662708796854,0.5384615384615384,0.07100591715976332,0.5798816568047337,0.31952662721893493,0.5816326530612245,0.08284023668639054,0.10650887573964497,169.0,2021,1km census grid; area-weighted,33,126.47845054204952,7,5379.495094612524,59.171597633136095,5.951418969635651,28,0.0,0.0,0.0,0.47058823529411764,0.11764705882352941,0.05882352941176472,0.11764705882352941,0.11764705882352944,0.0,0.8823529411764706,0.11764705882352941,0.10294117647058824,0.4411764705882353,22.058823529411764,18,equal components; equal indicators; percentile ranks
